feature,importance
Profile.total_irradiance__rollmean10,0.09439843
Profile.total_irradiance,0.07833147
Profile.pv_input_kw,0.06024396
Profile.pv_reactive_kvar,0.043167327
BSS-Inverter-AC-Meter.pln3__rollmean5,0.028795745
MQTT-Price-Signal.price_eur_per_kwh,0.028278854
PV-Inverter-AC-Meter.freq__rollmean10,0.027801614
MQTT-Price-Signal.price_eur_per_kwh__rollmean5,0.02101378
Load-A-AC-Meter.cos_phi3__rollmean10,0.01677858
Substation-AC-Meter.freq__rollmean10,0.015888633
PV-Inverter-AC-Meter.s_sum3__rollstd10,0.015622258
Battery-SOC-Reference.soc_value__rollmean10,0.015576282
MQTT-Price-Signal.price_eur_per_kwh__rollmean10,0.014937749
Substation-AC-Meter.ull31__rollmean5,0.0141144795
Substation-AC-Meter.ull12__rollmean10,0.013980663
Substation-AC-Meter.freq__rollmean5,0.013248862
Substation-AC-Meter.uln1,0.013193577
Profile.ambient_temperature__rollmean10,0.013119765
Profile.pv_active_kw,0.012903311
Substation-AC-Meter.freq,0.010826266
Load-A-AC-Meter.freq,0.010759082
Substation-AC-Meter.ull31__rollmean10,0.00968934
PV-Inverter-AC-Meter.freq,0.009684994
Profile.load1_kw__rollmean10,0.009135631
BSS-Inverter-AC-Meter.freq__rollmean10,0.008687443
Battery-SOC-Reference.soc_value__rollmean5,0.008298261
Profile.pv_active_kw__rollmean5,0.0076544536
Substation-AC-Meter.cos_phi3__rollstd10,0.007533079
Substation-AC-Meter.uln2,0.007416296
Profile.ambient_temperature,0.007074022
Substation-AC-Meter.iln1__rollmean10,0.0069333008
Load-A-AC-Meter.uln3,0.006666087
PV-Inverter-AC-Meter.sln1__rollstd10,0.006510545
BSS-Inverter-AC-Meter.p_sum3,0.006449509
Substation-AC-Meter.uln1__rollmean5,0.0063558896
Substation-AC-Meter.uln1__rollmean10,0.0062489863
Load-A-AC-Meter.uln1__rollmean10,0.005663113
Battery-SOC-Reported.soc_value,0.0053952476
Substation-AC-Meter.uln3__rollmean10,0.005368562
Load-A-AC-Meter.uln1__rollmean5,0.005081518
Profile.pv_input_kw__rollstd10,0.0050080987
Substation-AC-Meter.uln2__rollmean10,0.0049024923
Battery-SOC-Reported.soc_value__rollmean5,0.004856678
BSS-Inverter-AC-Meter.pln2__rollmean10,0.0048522037
BSS-Inverter-AC-Meter.p_sum3__rollmean10,0.004603515
BSS-Inverter-AC-Meter.pln1,0.0045113615
Profile.pv_active_kw__rollstd10,0.0044992757
Battery-SOC-Reference.soc_value,0.00444094
BSS-Inverter-AC-Meter.q_sum3__rollmean10,0.0043145884
Load-A-AC-Meter.cos_phi1,0.004054652
Substation-AC-Meter.iln2__rollmean10,0.0038781743
BSS-Inverter-AC-Meter.sln1,0.0035132335
Substation-AC-Meter.ull23,0.003436301
PV-Inverter-AC-Meter.iln1__rollstd10,0.0034254065
BSS-Inverter-AC-Meter.iln1__rollmean10,0.0034181671
Load-B-AC-Meter.q_sum3__rollmean10,0.0033805904
Profile.pv_input_kw__rollmean5,0.0033625676
Substation-AC-Meter.s_sum3,0.003337416
BSS-Inverter-AC-Meter.i_sum3__rollmean10,0.0032522164
Profile.ambient_temperature__rollmean5,0.0032128203
Battery-SOC-Reported.soc_value__rollmean10,0.003184621
PV-Inverter-AC-Meter.sln2__rollstd10,0.0030773368
BSS-Inverter-AC-Meter.cos_phi3__rollmean10,0.0030693177
PV-Inverter-AC-Meter.iln2__rollstd10,0.003015034
BSS-Inverter-AC-Meter.cos_phi1__rollstd10,0.0029864146
Substation-AC-Meter.ull31,0.0029730152
Load-A-AC-Meter.ull31__rollstd10,0.002814854
Profile.ambient_temperature__rollstd10,0.002764967
Substation-AC-Meter.pln1__rollmean10,0.002763678
Profile.load1_kw__rollmean5,0.0027576035
Load-B-AC-Meter.freq__rollmean10,0.0027507343
BSS-Inverter-AC-Meter.iln1,0.002656894
Load-A-AC-Meter.freq__rollmean10,0.0026490802
Substation-AC-Meter.qln3__rollmean10,0.0026299856
Profile.pv_active_kw__rollmean10,0.0026039896
BSS-Inverter-AC-Meter.cos_phi1__rollmean10,0.002510643
Profile.total_irradiance__rollmean5,0.002419824
BSS-Inverter-AC-Meter.iln3__rollmean5,0.0024076141
Load-B-AC-Meter.iln1__rollmean5,0.0023752619
Load-A-AC-Meter.uln1__rollstd10,0.0023663698
BSS-Inverter-AC-Meter.uln2__rollstd10,0.0023048064
PV-Inverter-AC-Meter.cos_phi1__rollmean5,0.0021881543
BSS-Inverter-AC-Meter.qln1__rollmean10,0.0021748869
Load-A-AC-Meter.ull12__rollstd10,0.002126021
Substation-AC-Meter.pln3__rollmean10,0.002118621
Substation-AC-Meter.q_sum3__rollmean10,0.002101729
Substation-AC-Meter.sln1,0.0020621212
BSS-Inverter-AC-Meter.pln1__rollmean10,0.0020377694
Battery-SOC-Reference.soc_value__rollstd5,0.0020147222
PV-Inverter-AC-Meter.qln1__rollstd10,0.0019266823
BSS-Inverter-AC-Meter.iln2,0.0019168025
BSS-Inverter-AC-Meter.i_sum3,0.0019025444
Substation-AC-Meter.iln3__rollmean5,0.0018465309
PV-Inverter-AC-Meter.pln1__rollstd10,0.0018396636
BSS-Inverter-AC-Meter.q_sum3__rollstd5,0.0018336601
Load-A-AC-Meter.qln3__rollmean10,0.0018257534
Load-B-AC-Meter.cos_phi1__rollstd10,0.0018256773
Profile.pv_reactive_kvar__rollstd10,0.001771906
Substation-AC-Meter.sln2__rollmean5,0.0017663091
Substation-AC-Meter.qln1__rollmean10,0.0017542742
BSS-Inverter-AC-Meter.freq,0.001740418
Load-B-AC-Meter.qln1__rollmean10,0.0017386285
Battery-SOC-Reported.soc_value__rollstd10,0.0017115172
BSS-Inverter-AC-Meter.s_sum3__rollmean10,0.0016549532
BSS-Inverter-AC-Meter.cos_phi1,0.0016442912
Load-B-AC-Meter.freq,0.0016384082
Profile.pv_input_kw__rollmean10,0.0015862653
PV-Inverter-AC-Meter.cos_phi1__rollmean10,0.0015786235
Load-B-AC-Meter.q_sum3__rollstd10,0.0015383188
Profile.load1_kw,0.001463053
Substation-AC-Meter.iln1,0.0014274871
BSS-Inverter-AC-Meter.iln2__rollstd10,0.0013912142
Profile.load2_kw,0.0013894669
Substation-AC-Meter.cos_phi2,0.001388442
BSS-Inverter-AC-Meter.iln1__rollmean5,0.0013815007
Substation-AC-Meter.p_sum3__rollmean10,0.0013778466
Substation-AC-Meter.freq__rollstd10,0.0013750899
PV-Inverter-AC-Meter.i_sum3,0.0013723468
Load-B-AC-Meter.iln2,0.0013661665
Profile.pv_input_kw__delta1,0.0013569049
BSS-Inverter-AC-Meter.iln3__rollmean10,0.0013527664
Load-A-AC-Meter.ull31,0.0013251224
Substation-AC-Meter.uln2__rollstd10,0.0012870076
BSS-Inverter-AC-Meter.uln1__rollmean10,0.0012775691
BSS-Inverter-AC-Meter.sln3__rollmean5,0.0012772131
Substation-AC-Meter.uln3__rollstd5,0.0012738479
BSS-Inverter-AC-Meter.sln1__rollmean10,0.0012612374
BSS-Inverter-AC-Meter.iln2__rollmean10,0.0012602324
Substation-AC-Meter.cos_phi1__rollmean10,0.0012227733
Load-B-AC-Meter.cos_phi1__rollmean10,0.0012186787
Substation-AC-Meter.sln2__rollmean10,0.0012107117
PV-Inverter-AC-Meter.p_sum3__rollstd10,0.0011899233
Substation-AC-Meter.uln3__rollmean5,0.0011380779
PV-Inverter-AC-Meter.qln2__rollstd10,0.0011286553
Load-B-AC-Meter.qln1__rollstd5,0.0011266515
Load-B-AC-Meter.sln2__rollmean5,0.0011072068
BSS-Inverter-AC-Meter.cos_phi3,0.0010701393
Load-A-AC-Meter.cos_phi1__rollmean10,0.0010660285
PV-Inverter-AC-Meter.cos_phi3__rollmean10,0.0010618176
BSS-Inverter-AC-Meter.pln1__rollstd10,0.0010552153
PV-Inverter-AC-Meter.iln3__rollstd10,0.001035563
Profile.total_irradiance__rollstd10,0.0009832826
BSS-Inverter-AC-Meter.uln2__rollmean5,0.0009812256
Load-A-AC-Meter.uln3__rollstd10,0.0009768938
Profile.pv_active_kw__rollstd5,0.00095794885
BSS-Inverter-AC-Meter.cos_phi2__rollmean5,0.00089889794
Profile.pv_active_kw__delta1,0.00088843936
Substation-AC-Meter.i_sum3,0.0008400092
Substation-AC-Meter.sln1__rollmean10,0.000823532
BSS-Inverter-AC-Meter.cos_phi2,0.00081424264
Substation-AC-Meter.qln2__rollmean10,0.00080358714
Profile.load2_kw__pctchange,0.0007968652
BSS-Inverter-AC-Meter.uln3__rollmean5,0.00078604766
Load-B-AC-Meter.qln1__rollstd10,0.00077760994
Substation-AC-Meter.pln2__rollmean10,0.0007775096
Load-A-AC-Meter.uln3__rollmean5,0.0007733286
BSS-Inverter-AC-Meter.cos_phi2__rollmean10,0.00076561776
PV-Inverter-AC-Meter.sln3__rollstd10,0.0007653575
Load-A-AC-Meter.iln1,0.0007646543
Load-A-AC-Meter.qln3__rollmean5,0.00074440724
Substation-AC-Meter.cos_phi2__rollmean10,0.0007357361
BSS-Inverter-AC-Meter.cos_phi1__rollmean5,0.0007355131
BSS-Inverter-AC-Meter.pln2,0.0007340826
Profile.pv_input_kw__rollstd5,0.0007216398
Substation-AC-Meter.ull31__rollstd5,0.00071520323
Load-A-AC-Meter.ull31__rollmean10,0.0007112857
Load-A-AC-Meter.cos_phi3__rollstd10,0.0007048179
PV-Inverter-AC-Meter.cos_phi3,0.0006967211
Load-B-AC-Meter.cos_phi1,0.0006953155
Substation-AC-Meter.uln3,0.0006814584
Load-B-AC-Meter.s_sum3__rollmean5,0.000671957
Load-A-AC-Meter.freq__rollmean5,0.00067185774
Load-A-AC-Meter.cos_phi1__rollstd10,0.00067010766
BSS-Inverter-AC-Meter.uln3__rollmean10,0.000668315
Load-A-AC-Meter.cos_phi1__rollmean5,0.00065899437
Load-B-AC-Meter.iln1__rollstd5,0.00065307657
Profile.load2_kw__rollmean5,0.00062781747
Load-A-AC-Meter.uln1,0.0006226783
Load-B-AC-Meter.cos_phi3,0.00061996334
Substation-AC-Meter.ull23__rollmean10,0.0006078756
Load-B-AC-Meter.cos_phi2,0.0005982435
BSS-Inverter-AC-Meter.cos_phi3__rollstd5,0.0005896829
PV-Inverter-AC-Meter.i_sum3__rollmean10,0.00058702135
BSS-Inverter-AC-Meter.s_sum3__rollmean5,0.00057949265
Substation-AC-Meter.i_sum3__rollstd5,0.00057564426
BSS-Inverter-AC-Meter.sln1__rollstd10,0.0005743492
Substation-AC-Meter.p_sum3__rollmean5,0.00055717735
Substation-AC-Meter.qln1__rollmean5,0.00054374384
BSS-Inverter-AC-Meter.iln1__rollstd10,0.00054167444
BSS-Inverter-AC-Meter.cos_phi3__rollstd10,0.000539833
PV-Inverter-AC-Meter.qln2__rollstd5,0.0005397465
Load-B-AC-Meter.q_sum3,0.0005364704
BSS-Inverter-AC-Meter.i_sum3__rollstd10,0.0005305968
PV-Inverter-AC-Meter.i_sum3__rollstd10,0.00052906794
Profile.load1_kw__pctchange,0.00052012963
BSS-Inverter-AC-Meter.freq__rollstd5,0.0004969399
PV-Inverter-AC-Meter.qln3__rollstd10,0.00049057865
Substation-AC-Meter.iln3__rollstd10,0.00048827252
Substation-AC-Meter.ull23__rollmean5,0.0004877002
PV-Inverter-AC-Meter.cos_phi2,0.00048511196
Substation-AC-Meter.ull23__rollstd10,0.00048303275
PV-Inverter-AC-Meter.pln2__rollstd10,0.00048295237
Substation-AC-Meter.q_sum3__rollstd10,0.0004817239
BSS-Inverter-AC-Meter.iln1__rollstd5,0.00047461086
Load-B-AC-Meter.qln3,0.00046223224
BSS-Inverter-AC-Meter.qln1__rollmean5,0.00046074227
Load-A-AC-Meter.s_sum3,0.00045950725
Load-B-AC-Meter.freq__rollmean5,0.0004565494
PV-Inverter-AC-Meter.cos_phi1,0.0004560185
BSS-Inverter-AC-Meter.pln3__rollmean10,0.00045169232
Load-B-AC-Meter.cos_phi2__rollstd10,0.00044570293
Load-A-AC-Meter.iln1__rollmean5,0.0004455247
Load-B-AC-Meter.iln1,0.00044416284
Profile.load2_kw__rollstd5,0.00043820447
Substation-AC-Meter.uln1__rollstd5,0.0004376492
Substation-AC-Meter.i_sum3__rollmean5,0.00042694548
BSS-Inverter-AC-Meter.qln2,0.00041840159
PV-Inverter-AC-Meter.iln3__rollstd5,0.0004131643
Substation-AC-Meter.uln3__rollstd10,0.00041270565
Load-B-AC-Meter.iln1__rollmean10,0.00040886702
Load-B-AC-Meter.qln2__rollstd10,0.00040779953
BSS-Inverter-AC-Meter.cos_phi3__rollmean5,0.00040300793
PV-Inverter-AC-Meter.iln1__rollstd5,0.0004024864
PV-Inverter-AC-Meter.sln2__rollmean5,0.00040092133
BSS-Inverter-AC-Meter.pln1__rollmean5,0.00038772117
PV-Inverter-AC-Meter.s_sum3,0.00038043407
Substation-AC-Meter.i_sum3__rollmean10,0.00037994407
BSS-Inverter-AC-Meter.freq__rollmean5,0.0003790129
Substation-AC-Meter.cos_phi3__rollmean10,0.00037878583
PV-Inverter-AC-Meter.i_sum3__rollstd5,0.0003703285
Load-A-AC-Meter.ull23,0.00036121605
BSS-Inverter-AC-Meter.q_sum3,0.00035773643
Substation-AC-Meter.iln1__rollstd10,0.0003531838
BSS-Inverter-AC-Meter.qln2__rollmean10,0.00035317813
Profile.total_irradiance__rollstd5,0.00034806583
Load-A-AC-Meter.ull12__rollmean10,0.0003438619
PV-Inverter-AC-Meter.cos_phi2__rollmean5,0.0003401797
Load-A-AC-Meter.i_sum3__rollmean10,0.00033844236
BSS-Inverter-AC-Meter.ull31__rollstd10,0.000338287
BSS-Inverter-AC-Meter.ull12,0.00032546432
BSS-Inverter-AC-Meter.pln2__rollstd10,0.00032409403
Substation-AC-Meter.cos_phi1__rollmean5,0.00032057168
Substation-AC-Meter.iln1__rollmean5,0.0003146934
BSS-Inverter-AC-Meter.ull23__rollmean10,0.0003093727
Load-B-AC-Meter.uln2__rollmean10,0.00030708965
BSS-Inverter-AC-Meter.sln1__rollmean5,0.00030205408
Substation-AC-Meter.qln3__rollstd10,0.00029786234
Substation-AC-Meter.ull12__rollstd10,0.00028951032
PV-Inverter-AC-Meter.cos_phi1__rollstd10,0.00028769334
Substation-AC-Meter.freq__rollstd5,0.00028485229
Load-A-AC-Meter.cos_phi2,0.00027595676
Battery-SOC-Reference.soc_value__rollstd10,0.0002723381
BSS-Inverter-AC-Meter.i_sum3__rollmean5,0.00026950883
Load-B-AC-Meter.cos_phi2__rollmean10,0.00026406988
Substation-AC-Meter.cos_phi2__rollstd10,0.00026386903
BSS-Inverter-AC-Meter.qln3__rollstd5,0.00026285677
Profile.load1_kw__rollstd10,0.0002607904
Load-A-AC-Meter.q_sum3,0.00025047545
BSS-Inverter-AC-Meter.q_sum3__rollstd10,0.00024652702
BSS-Inverter-AC-Meter.sln1__rollstd5,0.00024575667
Load-B-AC-Meter.qln2,0.00024102212
Substation-AC-Meter.cos_phi2__rollmean5,0.0002260006
Profile.load2_kw__rollstd10,0.0002244799
Load-A-AC-Meter.ull23__rollstd10,0.0002237267
PV-Inverter-AC-Meter.pln3__rollstd5,0.00021708976
Load-A-AC-Meter.iln1__rollstd10,0.00021198833
Profile.total_irradiance__delta1,0.0002099754
BSS-Inverter-AC-Meter.ull12__rollstd10,0.00020820201
Load-A-AC-Meter.cos_phi3,0.00020536558
PV-Inverter-AC-Meter.cos_phi3__rollstd10,0.00020157006
Load-B-AC-Meter.i_sum3__rollmean10,0.00020081816
Load-B-AC-Meter.i_sum3,0.00019865912
BSS-Inverter-AC-Meter.iln2__rollmean5,0.00018986293
Load-A-AC-Meter.sln2,0.00018941847
Load-A-AC-Meter.q_sum3__rollmean5,0.00018413451
BSS-Inverter-AC-Meter.p_sum3__rollmean5,0.0001803712
Load-A-AC-Meter.cos_phi2__rollstd10,0.0001756436
PV-Inverter-AC-Meter.i_sum3__rollmean5,0.00016656493
Load-B-AC-Meter.ull12,0.00016502618
Load-B-AC-Meter.q_sum3__rollmean5,0.0001649191
Load-B-AC-Meter.cos_phi2__rollmean5,0.00015978953
Load-B-AC-Meter.iln1__rollstd10,0.0001587804
Substation-AC-Meter.qln1__rollstd10,0.00015731134
Profile.load1_kw__rollstd5,0.00015613914
PV-Inverter-AC-Meter.qln1__rollstd5,0.00014959287
Load-A-AC-Meter.i_sum3__rollstd10,0.00014781514
BSS-Inverter-AC-Meter.qln1__rollstd10,0.00014022573
Load-B-AC-Meter.pln1__rollmean10,0.00013925217
Load-A-AC-Meter.i_sum3,0.0001354871
Substation-AC-Meter.qln2__rollstd10,0.00013492475
Load-B-AC-Meter.uln1__rollmean5,0.00013401409
PV-Inverter-AC-Meter.sln3__rollstd5,0.00013178546
BSS-Inverter-AC-Meter.iln3,0.00013065187
Substation-AC-Meter.qln3__rollstd5,0.00012807809
Profile.total_irradiance__pctchange,0.0001277279
Substation-AC-Meter.qln3__rollmean5,0.00012563438
Load-B-AC-Meter.cos_phi3__rollmean10,0.00012137965
Substation-AC-Meter.q_sum3__rollstd5,0.00012101701
BSS-Inverter-AC-Meter.sln2__rollstd10,0.00011938945
Substation-AC-Meter.sln2__rollstd10,0.00011836007
PV-Inverter-AC-Meter.pln1__rollmean10,0.00011423284
Load-A-AC-Meter.uln3__rollstd5,0.00011290075
PV-Inverter-AC-Meter.q_sum3__rollmean5,0.000112295915
BSS-Inverter-AC-Meter.p_sum3__rollstd10,0.00010753718
Load-A-AC-Meter.ull12,0.000104766914
Load-A-AC-Meter.q_sum3__delta1,0.00010198997
Load-A-AC-Meter.i_sum3__rollstd5,0.0001015414
Load-A-AC-Meter.q_sum3__rollstd10,0.00010110558
Substation-AC-Meter.s_sum3__rollmean10,0.00010051804
BSS-Inverter-AC-Meter.freq__delta1,9.488151e-05
BSS-Inverter-AC-Meter.qln2__delta1,9.3477e-05
Load-A-AC-Meter.qln1__rollstd5,9.149094e-05
PV-Inverter-AC-Meter.q_sum3__rollstd10,8.550648e-05
BSS-Inverter-AC-Meter.iln3__rollstd10,8.055438e-05
PV-Inverter-AC-Meter.uln2__rollstd5,7.904195e-05
Substation-AC-Meter.uln3__delta1,7.847147e-05
Load-A-AC-Meter.q_sum3__rollstd5,7.445037e-05
BSS-Inverter-AC-Meter.pln3,6.6126944e-05
Load-A-AC-Meter.qln1,6.301499e-05
BSS-Inverter-AC-Meter.cos_phi1__rollstd5,6.300196e-05
Load-A-AC-Meter.ull12__rollstd5,6.13284e-05
BSS-Inverter-AC-Meter.ull12__rollmean5,6.116866e-05
Substation-AC-Meter.ull12,5.8969137e-05
Load-A-AC-Meter.qln1__rollmean10,5.6422854e-05
Load-B-AC-Meter.i_sum3__rollstd10,5.296036e-05
PV-Inverter-AC-Meter.cos_phi2__rollstd10,4.9251328e-05
Battery-SOC-Reference.soc_value__pctchange,4.727218e-05
Load-B-AC-Meter.ull31__rollmean5,4.5984132e-05
BSS-Inverter-AC-Meter.qln2__rollstd10,4.4437675e-05
Profile.load2_kw__delta1,4.2649972e-05
PV-Inverter-AC-Meter.freq__rollstd5,4.095334e-05
PV-Inverter-AC-Meter.ull12__rollstd5,3.9515708e-05
Load-A-AC-Meter.uln2__rollstd10,3.9145667e-05
Load-B-AC-Meter.iln2__rollmean10,3.5951838e-05
Substation-AC-Meter.uln2__rollstd5,3.574708e-05
Load-B-AC-Meter.uln3__rollstd10,3.0216632e-05
Load-A-AC-Meter.qln1__rollstd10,2.9803163e-05
BSS-Inverter-AC-Meter.qln3__rollmean10,2.4944695e-05
BSS-Inverter-AC-Meter.qln3__rollstd10,2.281378e-05
PV-Inverter-AC-Meter.iln1__rollmean10,2.1103475e-05
Load-A-AC-Meter.iln3__rollstd10,1.7465469e-05
Load-A-AC-Meter.cos_phi3__rollmean5,1.3645219e-05
Load-A-AC-Meter.ull12__rollmean5,1.2731838e-05
PV-Inverter-AC-Meter.cos_phi3__rollstd5,1.2152571e-05
Load-B-AC-Meter.uln1__rollstd10,6.392644e-06
Substation-AC-Meter.iln3,1.2410725e-06
Substation-AC-Meter.sln3__rollmean10,0.0
Substation-AC-Meter.sln1__rollstd10,0.0
Substation-AC-Meter.s_sum3__rollstd10,0.0
Load-A-AC-Meter.phase_seq,0.0
Load-A-AC-Meter.p_sum3,0.0
Load-A-AC-Meter.iln3,0.0
Load-A-AC-Meter.iln2,0.0
BSS-Inverter-AC-Meter.uln3,0.0
BSS-Inverter-AC-Meter.uln2,0.0
Load-A-AC-Meter.uln2,0.0
BSS-Inverter-AC-Meter.uln1,0.0
Load-A-AC-Meter.iln1__rollstd5,0.0
Load-A-AC-Meter.i_sum3__rollmean5,0.0
Load-A-AC-Meter.freq__rollstd5,0.0
Load-A-AC-Meter.cos_phi3__rollstd5,0.0
Load-A-AC-Meter.cos_phi2__rollstd5,0.0
Load-A-AC-Meter.cos_phi2__rollmean5,0.0
Load-A-AC-Meter.cos_phi1__rollstd5,0.0
Battery-SOC-Reported.soc_value__rollstd5,0.0
BSS-Inverter-AC-Meter.uln3__rollstd5,0.0
BSS-Inverter-AC-Meter.uln2__rollstd5,0.0
BSS-Inverter-AC-Meter.uln1__rollstd5,0.0
BSS-Inverter-AC-Meter.uln1__rollmean5,0.0
BSS-Inverter-AC-Meter.ull31__rollstd5,0.0
BSS-Inverter-AC-Meter.ull31__rollmean5,0.0
BSS-Inverter-AC-Meter.ull23__rollstd5,0.0
Load-A-AC-Meter.sln2__rollstd5,0.0
Load-A-AC-Meter.sln2__rollmean5,0.0
Load-A-AC-Meter.sln1__rollstd5,0.0
Load-A-AC-Meter.sln1__rollmean5,0.0
Load-A-AC-Meter.s_sum3__rollstd5,0.0
Load-A-AC-Meter.s_sum3__rollmean5,0.0
Load-A-AC-Meter.qln3__rollstd5,0.0
Load-A-AC-Meter.qln2__rollstd5,0.0
Load-A-AC-Meter.qln2__rollmean5,0.0
Load-A-AC-Meter.qln1__rollmean5,0.0
Load-A-AC-Meter.p_sum3__rollstd5,0.0
Load-A-AC-Meter.p_sum3__rollmean5,0.0
Load-A-AC-Meter.iln3__rollstd5,0.0
Load-A-AC-Meter.iln3__rollmean5,0.0
Load-A-AC-Meter.iln2__rollstd5,0.0
Load-A-AC-Meter.iln2__rollmean5,0.0
BSS-Inverter-AC-Meter.qln2__rollstd5,0.0
BSS-Inverter-AC-Meter.qln2__rollmean5,0.0
BSS-Inverter-AC-Meter.qln1__rollstd5,0.0
BSS-Inverter-AC-Meter.q_sum3__rollmean5,0.0
BSS-Inverter-AC-Meter.pln3__rollstd5,0.0
BSS-Inverter-AC-Meter.pln2__rollstd5,0.0
BSS-Inverter-AC-Meter.pln2__rollmean5,0.0
BSS-Inverter-AC-Meter.pln1__rollstd5,0.0
BSS-Inverter-AC-Meter.p_sum3__rollstd5,0.0
BSS-Inverter-AC-Meter.iln3__rollstd5,0.0
Load-A-AC-Meter.ull31__rollmean5,0.0
Load-A-AC-Meter.ull23__rollstd5,0.0
Load-A-AC-Meter.ull23__rollmean5,0.0
Load-A-AC-Meter.sln3__rollstd5,0.0
Load-A-AC-Meter.sln3__rollmean5,0.0
Load-B-AC-Meter.i_sum3__rollstd5,0.0
BSS-Inverter-AC-Meter.iln2__rollstd5,0.0
BSS-Inverter-AC-Meter.i_sum3__rollstd5,0.0
BSS-Inverter-AC-Meter.cos_phi2__rollstd5,0.0
Load-B-AC-Meter.i_sum3__rollmean5,0.0
Load-B-AC-Meter.freq__rollstd5,0.0
Load-B-AC-Meter.cos_phi3__rollstd5,0.0
Load-B-AC-Meter.cos_phi3__rollmean5,0.0
Load-B-AC-Meter.cos_phi2__rollstd5,0.0
Load-B-AC-Meter.cos_phi1__rollstd5,0.0
Load-B-AC-Meter.cos_phi1__rollmean5,0.0
Load-A-AC-Meter.uln2__rollstd5,0.0
Load-A-AC-Meter.uln2__rollmean5,0.0
Load-A-AC-Meter.uln1__rollstd5,0.0
Load-A-AC-Meter.ull31__rollstd5,0.0
BSS-Inverter-AC-Meter.qln3__rollmean5,0.0
Load-B-AC-Meter.qln2__rollstd5,0.0
Load-B-AC-Meter.qln2__rollmean5,0.0
Load-B-AC-Meter.qln1__rollmean5,0.0
Load-B-AC-Meter.q_sum3__rollstd5,0.0
Load-B-AC-Meter.pln3__rollstd5,0.0
Load-B-AC-Meter.pln3__rollmean5,0.0
Load-B-AC-Meter.pln2__rollstd5,0.0
Load-B-AC-Meter.pln2__rollmean5,0.0
Load-B-AC-Meter.pln1__rollstd5,0.0
Load-B-AC-Meter.pln1__rollmean5,0.0
Load-B-AC-Meter.p_sum3__rollstd5,0.0
Load-B-AC-Meter.p_sum3__rollmean5,0.0
Load-B-AC-Meter.iln3__rollstd5,0.0
Load-B-AC-Meter.iln3__rollmean5,0.0
Load-B-AC-Meter.iln2__rollstd5,0.0
Load-B-AC-Meter.iln2__rollmean5,0.0
Load-B-AC-Meter.uln2__rollmean5,0.0
Load-B-AC-Meter.uln1__rollstd5,0.0
Load-B-AC-Meter.ull31__rollstd5,0.0
Load-B-AC-Meter.ull23__rollstd5,0.0
Load-B-AC-Meter.ull23__rollmean5,0.0
Load-B-AC-Meter.ull12__rollstd5,0.0
Load-B-AC-Meter.ull12__rollmean5,0.0
Load-B-AC-Meter.sln3__rollstd5,0.0
Load-B-AC-Meter.sln3__rollmean5,0.0
Load-B-AC-Meter.sln2__rollstd5,0.0
Load-B-AC-Meter.sln1__rollstd5,0.0
Load-B-AC-Meter.sln1__rollmean5,0.0
Load-B-AC-Meter.s_sum3__rollstd5,0.0
Load-B-AC-Meter.qln3__rollstd5,0.0
Load-B-AC-Meter.qln3__rollmean5,0.0
PV-Inverter-AC-Meter.p_sum3__rollstd5,0.0
PV-Inverter-AC-Meter.p_sum3__rollmean5,0.0
PV-Inverter-AC-Meter.iln3__rollmean5,0.0
PV-Inverter-AC-Meter.iln2__rollstd5,0.0
PV-Inverter-AC-Meter.iln2__rollmean5,0.0
PV-Inverter-AC-Meter.iln1__rollmean5,0.0
PV-Inverter-AC-Meter.freq__rollmean5,0.0
PV-Inverter-AC-Meter.cos_phi3__rollmean5,0.0
PV-Inverter-AC-Meter.cos_phi2__rollstd5,0.0
PV-Inverter-AC-Meter.cos_phi1__rollstd5,0.0
MQTT-Price-Signal.price_eur_per_kwh__rollstd5,0.0
Load-B-AC-Meter.uln3__rollstd5,0.0
Load-B-AC-Meter.uln3__rollmean5,0.0
Load-B-AC-Meter.uln2__rollstd5,0.0
Substation-AC-Meter.uln1__delta1,0.0
Substation-AC-Meter.ull31__delta1,0.0
Substation-AC-Meter.ull23__delta1,0.0
Substation-AC-Meter.ull12__delta1,0.0
Substation-AC-Meter.sln3__delta1,0.0
Substation-AC-Meter.sln2__delta1,0.0
Substation-AC-Meter.sln1__delta1,0.0
Substation-AC-Meter.s_sum3__delta1,0.0
Substation-AC-Meter.qln3__delta1,0.0
Substation-AC-Meter.qln2__delta1,0.0
Substation-AC-Meter.qln1__delta1,0.0
Substation-AC-Meter.q_sum3__delta1,0.0
Substation-AC-Meter.pln3__delta1,0.0
Substation-AC-Meter.pln2__delta1,0.0
Substation-AC-Meter.pln1__delta1,0.0
PV-Inverter-AC-Meter.pln1__rollmean5,0.0
PV-Inverter-AC-Meter.sln3__rollmean5,0.0
PV-Inverter-AC-Meter.sln2__rollstd5,0.0
PV-Inverter-AC-Meter.sln1__rollstd5,0.0
PV-Inverter-AC-Meter.sln1__rollmean5,0.0
PV-Inverter-AC-Meter.s_sum3__rollstd5,0.0
PV-Inverter-AC-Meter.s_sum3__rollmean5,0.0
PV-Inverter-AC-Meter.qln3__rollstd5,0.0
PV-Inverter-AC-Meter.qln3__rollmean5,0.0
PV-Inverter-AC-Meter.qln2__rollmean5,0.0
PV-Inverter-AC-Meter.qln1__rollmean5,0.0
PV-Inverter-AC-Meter.q_sum3__rollstd5,0.0
PV-Inverter-AC-Meter.pln3__rollmean5,0.0
PV-Inverter-AC-Meter.pln2__rollstd5,0.0
PV-Inverter-AC-Meter.pln2__rollmean5,0.0
PV-Inverter-AC-Meter.pln1__rollstd5,0.0
Substation-AC-Meter.uln2__delta1,0.0
Substation-AC-Meter.cos_phi2__delta1,0.0
Substation-AC-Meter.cos_phi1__delta1,0.0
Profile.pv_reactive_kvar__delta1,0.0
Profile.load1_kw__delta1,0.0
Profile.ambient_temperature__delta1,0.0
PV-Inverter-AC-Meter.uln3__rollmean5,0.0
PV-Inverter-AC-Meter.uln2__rollmean5,0.0
PV-Inverter-AC-Meter.uln1__rollstd5,0.0
PV-Inverter-AC-Meter.uln1__rollmean5,0.0
PV-Inverter-AC-Meter.ull31__rollstd5,0.0
PV-Inverter-AC-Meter.ull31__rollmean5,0.0
PV-Inverter-AC-Meter.ull23__rollstd5,0.0
PV-Inverter-AC-Meter.ull23__rollmean5,0.0
PV-Inverter-AC-Meter.ull12__rollmean5,0.0
Substation-AC-Meter.iln1__rollstd5,0.0
Substation-AC-Meter.cos_phi3__rollstd5,0.0
Substation-AC-Meter.cos_phi3__rollmean5,0.0
Substation-AC-Meter.cos_phi2__rollstd5,0.0
Substation-AC-Meter.cos_phi1__rollstd5,0.0
Profile.pv_reactive_kvar__rollstd5,0.0
Profile.pv_reactive_kvar__rollmean5,0.0
Profile.ambient_temperature__rollstd5,0.0
PV-Inverter-AC-Meter.uln3__rollstd5,0.0
Substation-AC-Meter.p_sum3__delta1,0.0
Substation-AC-Meter.iln3__delta1,0.0
Substation-AC-Meter.iln2__delta1,0.0
Substation-AC-Meter.iln1__delta1,0.0
Substation-AC-Meter.i_sum3__delta1,0.0
Substation-AC-Meter.freq__delta1,0.0
Substation-AC-Meter.cos_phi3__delta1,0.0
PV-Inverter-AC-Meter.pln2__delta1,0.0
Substation-AC-Meter.s_sum3__rollmean5,0.0
Substation-AC-Meter.qln2__rollstd5,0.0
Substation-AC-Meter.qln2__rollmean5,0.0
Substation-AC-Meter.qln1__rollstd5,0.0
Substation-AC-Meter.q_sum3__rollmean5,0.0
Substation-AC-Meter.pln3__rollstd5,0.0
Substation-AC-Meter.pln3__rollmean5,0.0
Substation-AC-Meter.pln2__rollstd5,0.0
Substation-AC-Meter.pln2__rollmean5,0.0
Substation-AC-Meter.pln1__rollstd5,0.0
Substation-AC-Meter.pln1__rollmean5,0.0
Substation-AC-Meter.p_sum3__rollstd5,0.0
Substation-AC-Meter.iln3__rollstd5,0.0
Substation-AC-Meter.iln2__rollstd5,0.0
Substation-AC-Meter.iln2__rollmean5,0.0
Substation-AC-Meter.s_sum3__rollstd5,0.0
PV-Inverter-AC-Meter.uln3__delta1,0.0
PV-Inverter-AC-Meter.uln2__delta1,0.0
PV-Inverter-AC-Meter.uln1__delta1,0.0
PV-Inverter-AC-Meter.ull31__delta1,0.0
PV-Inverter-AC-Meter.ull23__delta1,0.0
PV-Inverter-AC-Meter.ull12__delta1,0.0
PV-Inverter-AC-Meter.sln3__delta1,0.0
PV-Inverter-AC-Meter.sln2__delta1,0.0
PV-Inverter-AC-Meter.sln1__delta1,0.0
PV-Inverter-AC-Meter.s_sum3__delta1,0.0
PV-Inverter-AC-Meter.qln3__delta1,0.0
PV-Inverter-AC-Meter.qln2__delta1,0.0
PV-Inverter-AC-Meter.qln1__delta1,0.0
PV-Inverter-AC-Meter.q_sum3__delta1,0.0
PV-Inverter-AC-Meter.pln3__delta1,0.0
PV-Inverter-AC-Meter.cos_phi1__delta1,0.0
MQTT-Price-Signal.price_eur_per_kwh__delta1,0.0
Load-B-AC-Meter.uln3__delta1,0.0
Load-B-AC-Meter.uln2__delta1,0.0
Load-B-AC-Meter.uln1__delta1,0.0
Load-B-AC-Meter.ull31__delta1,0.0
Load-B-AC-Meter.ull23__delta1,0.0
Substation-AC-Meter.uln2__rollmean5,0.0
Substation-AC-Meter.ull23__rollstd5,0.0
Substation-AC-Meter.ull12__rollstd5,0.0
Substation-AC-Meter.ull12__rollmean5,0.0
Substation-AC-Meter.sln3__rollstd5,0.0
Substation-AC-Meter.sln3__rollmean5,0.0
Substation-AC-Meter.sln2__rollstd5,0.0
Substation-AC-Meter.sln1__rollstd5,0.0
Substation-AC-Meter.sln1__rollmean5,0.0
Load-B-AC-Meter.p_sum3__delta1,0.0
Load-B-AC-Meter.iln3__delta1,0.0
Load-B-AC-Meter.iln2__delta1,0.0
Load-B-AC-Meter.iln1__delta1,0.0
BSS-Inverter-AC-Meter.freq__rollstd10,0.0
BSS-Inverter-AC-Meter.cos_phi2__rollstd10,0.0
PV-Inverter-AC-Meter.pln1__delta1,0.0
PV-Inverter-AC-Meter.p_sum3__delta1,0.0
PV-Inverter-AC-Meter.iln3__delta1,0.0
PV-Inverter-AC-Meter.iln2__delta1,0.0
PV-Inverter-AC-Meter.iln1__delta1,0.0
PV-Inverter-AC-Meter.i_sum3__delta1,0.0
PV-Inverter-AC-Meter.freq__delta1,0.0
PV-Inverter-AC-Meter.cos_phi3__delta1,0.0
PV-Inverter-AC-Meter.cos_phi2__delta1,0.0
Substation-AC-Meter.uln1__rollstd10,0.0
Substation-AC-Meter.freq__pctchange,0.0
BSS-Inverter-AC-Meter.qln1,0.0
BSS-Inverter-AC-Meter.pln3__rollstd10,0.0
Load-B-AC-Meter.ull12__delta1,0.0
Load-B-AC-Meter.sln3__delta1,0.0
Load-B-AC-Meter.sln2__delta1,0.0
Load-B-AC-Meter.sln1__delta1,0.0
Load-B-AC-Meter.s_sum3__delta1,0.0
Load-B-AC-Meter.qln3__delta1,0.0
Load-B-AC-Meter.qln2__delta1,0.0
Load-B-AC-Meter.qln1__delta1,0.0
Load-B-AC-Meter.q_sum3__delta1,0.0
Load-B-AC-Meter.pln3__delta1,0.0
Load-B-AC-Meter.pln2__delta1,0.0
Load-B-AC-Meter.pln1__delta1,0.0
Load-A-AC-Meter.uln1__delta1,0.0
Load-A-AC-Meter.ull31__delta1,0.0
Load-A-AC-Meter.ull23__delta1,0.0
Load-A-AC-Meter.ull12__delta1,0.0
Load-A-AC-Meter.sln3__delta1,0.0
Load-A-AC-Meter.sln2__delta1,0.0
Load-A-AC-Meter.sln1__delta1,0.0
Load-A-AC-Meter.s_sum3__delta1,0.0
Load-A-AC-Meter.qln3__delta1,0.0
BSS-Inverter-AC-Meter.ull31__rollmean10,0.0
BSS-Inverter-AC-Meter.ull23__rollstd10,0.0
BSS-Inverter-AC-Meter.ull12__rollmean10,0.0
BSS-Inverter-AC-Meter.sln3__rollstd10,0.0
BSS-Inverter-AC-Meter.sln3__rollmean10,0.0
BSS-Inverter-AC-Meter.sln2__rollmean10,0.0
BSS-Inverter-AC-Meter.s_sum3__rollstd10,0.0
Load-A-AC-Meter.iln3__rollmean10,0.0
Load-A-AC-Meter.iln2__rollstd10,0.0
Load-A-AC-Meter.iln2__rollmean10,0.0
Load-A-AC-Meter.iln1__rollmean10,0.0
Load-A-AC-Meter.freq__rollstd10,0.0
Load-A-AC-Meter.cos_phi2__rollmean10,0.0
BSS-Inverter-AC-Meter.uln3__rollstd10,0.0
BSS-Inverter-AC-Meter.uln2__rollmean10,0.0
BSS-Inverter-AC-Meter.uln1__rollstd10,0.0
Load-B-AC-Meter.i_sum3__delta1,0.0
Load-B-AC-Meter.freq__delta1,0.0
Load-B-AC-Meter.cos_phi3__delta1,0.0
Load-B-AC-Meter.cos_phi2__delta1,0.0
Load-B-AC-Meter.cos_phi1__delta1,0.0
Load-A-AC-Meter.uln3__delta1,0.0
Load-A-AC-Meter.uln2__delta1,0.0
Load-A-AC-Meter.sln3__rollstd10,0.0
Load-A-AC-Meter.sln3__rollmean10,0.0
Load-A-AC-Meter.sln2__rollstd10,0.0
Load-A-AC-Meter.sln2__rollmean10,0.0
Load-A-AC-Meter.sln1__rollstd10,0.0
Load-A-AC-Meter.sln1__rollmean10,0.0
Load-A-AC-Meter.s_sum3__rollstd10,0.0
Load-A-AC-Meter.s_sum3__rollmean10,0.0
Load-A-AC-Meter.qln3__rollstd10,0.0
Load-A-AC-Meter.qln2__rollstd10,0.0
Load-A-AC-Meter.qln2__rollmean10,0.0
BSS-Inverter-AC-Meter.qln3,0.0
Load-A-AC-Meter.q_sum3__rollmean10,0.0
Load-A-AC-Meter.p_sum3__rollstd10,0.0
Load-A-AC-Meter.p_sum3__rollmean10,0.0
BSS-Inverter-AC-Meter.realtime,0.0
Load-A-AC-Meter.qln2__delta1,0.0
Load-A-AC-Meter.qln1__delta1,0.0
Load-A-AC-Meter.p_sum3__delta1,0.0
Load-A-AC-Meter.iln3__delta1,0.0
Load-A-AC-Meter.iln2__delta1,0.0
Load-A-AC-Meter.iln1__delta1,0.0
Load-A-AC-Meter.i_sum3__delta1,0.0
Load-A-AC-Meter.freq__delta1,0.0
Load-A-AC-Meter.cos_phi3__delta1,0.0
Load-A-AC-Meter.cos_phi2__delta1,0.0
Load-A-AC-Meter.cos_phi1__delta1,0.0
Battery-SOC-Reported.soc_value__delta1,0.0
Battery-SOC-Reference.soc_value__delta1,0.0
BSS-Inverter-AC-Meter.uln3__delta1,0.0
BSS-Inverter-AC-Meter.uln2__delta1,0.0
Load-A-AC-Meter.ull23__rollmean10,0.0
Load-B-AC-Meter.pln3__rollmean10,0.0
Load-B-AC-Meter.pln2__rollstd10,0.0
Load-B-AC-Meter.pln2__rollmean10,0.0
Load-B-AC-Meter.pln1__rollstd10,0.0
Load-B-AC-Meter.p_sum3__rollstd10,0.0
Load-B-AC-Meter.p_sum3__rollmean10,0.0
Load-B-AC-Meter.iln3__rollstd10,0.0
Load-B-AC-Meter.iln3__rollmean10,0.0
Load-B-AC-Meter.iln2__rollstd10,0.0
BSS-Inverter-AC-Meter.s_sum3,0.0
BSS-Inverter-AC-Meter.sln2,0.0
Load-B-AC-Meter.freq__rollstd10,0.0
Load-B-AC-Meter.cos_phi3__rollstd10,0.0
Load-A-AC-Meter.uln3__rollmean10,0.0
BSS-Inverter-AC-Meter.sln3,0.0
Load-A-AC-Meter.uln2__rollmean10,0.0
Load-B-AC-Meter.pln3__rollstd10,0.0
BSS-Inverter-AC-Meter.uln1__delta1,0.0
BSS-Inverter-AC-Meter.ull31__delta1,0.0
BSS-Inverter-AC-Meter.ull23__delta1,0.0
BSS-Inverter-AC-Meter.ull12__delta1,0.0
BSS-Inverter-AC-Meter.sln3__delta1,0.0
BSS-Inverter-AC-Meter.sln2__delta1,0.0
BSS-Inverter-AC-Meter.sln1__delta1,0.0
BSS-Inverter-AC-Meter.s_sum3__delta1,0.0
BSS-Inverter-AC-Meter.qln3__delta1,0.0
BSS-Inverter-AC-Meter.qln1__delta1,0.0
BSS-Inverter-AC-Meter.q_sum3__delta1,0.0
BSS-Inverter-AC-Meter.pln3__delta1,0.0
BSS-Inverter-AC-Meter.pln2__delta1,0.0
BSS-Inverter-AC-Meter.pln1__delta1,0.0
BSS-Inverter-AC-Meter.p_sum3__delta1,0.0
Load-B-AC-Meter.ull31__rollmean10,0.0
Load-B-AC-Meter.ull23__rollstd10,0.0
Load-B-AC-Meter.ull23__rollmean10,0.0
Load-B-AC-Meter.ull12__rollstd10,0.0
Load-B-AC-Meter.ull12__rollmean10,0.0
Load-B-AC-Meter.sln3__rollstd10,0.0
Load-B-AC-Meter.sln3__rollmean10,0.0
Load-B-AC-Meter.sln2__rollstd10,0.0
Load-B-AC-Meter.sln2__rollmean10,0.0
Load-B-AC-Meter.sln1__rollstd10,0.0
Load-B-AC-Meter.sln1__rollmean10,0.0
Load-B-AC-Meter.s_sum3__rollstd10,0.0
Load-B-AC-Meter.s_sum3__rollmean10,0.0
Load-B-AC-Meter.qln3__rollstd10,0.0
Load-B-AC-Meter.qln3__rollmean10,0.0
Load-B-AC-Meter.qln2__rollmean10,0.0
BSS-Inverter-AC-Meter.iln3__delta1,0.0
BSS-Inverter-AC-Meter.iln2__delta1,0.0
BSS-Inverter-AC-Meter.iln1__delta1,0.0
BSS-Inverter-AC-Meter.i_sum3__delta1,0.0
BSS-Inverter-AC-Meter.cos_phi3__delta1,0.0
BSS-Inverter-AC-Meter.cos_phi2__delta1,0.0
BSS-Inverter-AC-Meter.cos_phi1__delta1,0.0
Substation-AC-Meter.sln3,0.0
Substation-AC-Meter.sln2,0.0
MQTT-Price-Signal.price_eur_per_kwh__rollstd10,0.0
BSS-Inverter-AC-Meter.ull23,0.0
Load-B-AC-Meter.uln3__rollmean10,0.0
Load-B-AC-Meter.uln2__rollstd10,0.0
Load-A-AC-Meter.sln3,0.0
Load-B-AC-Meter.uln1__rollmean10,0.0
Load-B-AC-Meter.ull31__rollstd10,0.0
Substation-AC-Meter.qln1,0.0
Substation-AC-Meter.q_sum3,0.0
Substation-AC-Meter.pln3,0.0
Substation-AC-Meter.pln2,0.0
Substation-AC-Meter.pln1,0.0
Substation-AC-Meter.phase_seq,0.0
Substation-AC-Meter.p_sum3,0.0
BSS-Inverter-AC-Meter.phase_seq,0.0
Substation-AC-Meter.iln2,0.0
PV-Inverter-AC-Meter.p_sum3__rollmean10,0.0
PV-Inverter-AC-Meter.iln3__rollmean10,0.0
PV-Inverter-AC-Meter.iln2__rollmean10,0.0
Profile.pv_reactive_kvar__pctchange,0.0
PV-Inverter-AC-Meter.freq__rollstd10,0.0
Substation-AC-Meter.ull31__rollstd10,0.0
PV-Inverter-AC-Meter.cos_phi2__rollmean10,0.0
PV-Inverter-AC-Meter.ull23__rollmean10,0.0
PV-Inverter-AC-Meter.ull12__rollstd10,0.0
PV-Inverter-AC-Meter.ull12__rollmean10,0.0
PV-Inverter-AC-Meter.sln3__rollmean10,0.0
PV-Inverter-AC-Meter.sln2__rollmean10,0.0
PV-Inverter-AC-Meter.sln1__rollmean10,0.0
PV-Inverter-AC-Meter.s_sum3__rollmean10,0.0
PV-Inverter-AC-Meter.qln3__rollmean10,0.0
PV-Inverter-AC-Meter.qln2__rollmean10,0.0
PV-Inverter-AC-Meter.qln1__rollmean10,0.0
PV-Inverter-AC-Meter.q_sum3__rollmean10,0.0
PV-Inverter-AC-Meter.pln3__rollstd10,0.0
PV-Inverter-AC-Meter.pln3__rollmean10,0.0
PV-Inverter-AC-Meter.pln2__rollmean10,0.0
Substation-AC-Meter.qln3,0.0
Substation-AC-Meter.qln2,0.0
PV-Inverter-AC-Meter.uln3__rollmean10,0.0
PV-Inverter-AC-Meter.uln2__rollstd10,0.0
Substation-AC-Meter.cos_phi3,0.0
Substation-AC-Meter.cos_phi1,0.0
PV-Inverter-AC-Meter.uln3,0.0
PV-Inverter-AC-Meter.uln2,0.0
PV-Inverter-AC-Meter.uln1,0.0
PV-Inverter-AC-Meter.ull31,0.0
PV-Inverter-AC-Meter.ull23,0.0
PV-Inverter-AC-Meter.ull12,0.0
PV-Inverter-AC-Meter.uln2__rollmean10,0.0
PV-Inverter-AC-Meter.uln1__rollstd10,0.0
PV-Inverter-AC-Meter.uln1__rollmean10,0.0
PV-Inverter-AC-Meter.ull31__rollstd10,0.0
PV-Inverter-AC-Meter.ull31__rollmean10,0.0
PV-Inverter-AC-Meter.ull23__rollstd10,0.0
PV-Inverter-AC-Meter.sln1,0.0
PV-Inverter-AC-Meter.realtime,0.0
PV-Inverter-AC-Meter.qln3,0.0
PV-Inverter-AC-Meter.qln2,0.0
PV-Inverter-AC-Meter.qln1,0.0
PV-Inverter-AC-Meter.q_sum3,0.0
PV-Inverter-AC-Meter.pln3,0.0
PV-Inverter-AC-Meter.pln2,0.0
PV-Inverter-AC-Meter.pln1,0.0
PV-Inverter-AC-Meter.phase_seq,0.0
PV-Inverter-AC-Meter.p_sum3,0.0
PV-Inverter-AC-Meter.iln3,0.0
PV-Inverter-AC-Meter.iln2,0.0
Profile.pv_reactive_kvar__rollmean10,0.0
Profile.load2_kw__rollmean10,0.0
PV-Inverter-AC-Meter.uln3__rollstd10,0.0
Load-B-AC-Meter.iln3,0.0
PV-Inverter-AC-Meter.iln1,0.0
Load-B-AC-Meter.uln3,0.0
Load-B-AC-Meter.uln2,0.0
Load-B-AC-Meter.uln1,0.0
Load-B-AC-Meter.ull31,0.0
Load-B-AC-Meter.ull23,0.0
Load-B-AC-Meter.sln3,0.0
Load-B-AC-Meter.sln2,0.0
Load-B-AC-Meter.sln1,0.0
Substation-AC-Meter.iln3__rollmean10,0.0
Substation-AC-Meter.iln2__rollstd10,0.0
Substation-AC-Meter.i_sum3__rollstd10,0.0
Substation-AC-Meter.cos_phi1__rollstd10,0.0
PV-Inverter-AC-Meter.sln3,0.0
PV-Inverter-AC-Meter.sln2,0.0
BSS-Inverter-AC-Meter.ull31,0.0
BSS-Inverter-AC-Meter.ull12__rollstd5,0.0
BSS-Inverter-AC-Meter.sln3__rollstd5,0.0
BSS-Inverter-AC-Meter.sln2__rollstd5,0.0
BSS-Inverter-AC-Meter.sln2__rollmean5,0.0
BSS-Inverter-AC-Meter.s_sum3__rollstd5,0.0
Profile.pv_input_kw__pctchange,0.0
Profile.pv_active_kw__pctchange,0.0
PV-Inverter-AC-Meter.freq__pctchange,0.0
MQTT-Price-Signal.price_eur_per_kwh__pctchange,0.0
Load-B-AC-Meter.freq__pctchange,0.0
Load-A-AC-Meter.freq__pctchange,0.0
Battery-SOC-Reported.soc_value__pctchange,0.0
Substation-AC-Meter.sln3__rollstd10,0.0
BSS-Inverter-AC-Meter.freq__pctchange,0.0
BSS-Inverter-AC-Meter.ull23__rollmean5,0.0
Load-B-AC-Meter.p_sum3,0.0
Load-A-AC-Meter.realtime,0.0
Load-A-AC-Meter.qln3,0.0
Load-A-AC-Meter.qln2,0.0
Substation-AC-Meter.pln3__rollstd10,0.0
Substation-AC-Meter.pln2__rollstd10,0.0
Substation-AC-Meter.pln1__rollstd10,0.0
Substation-AC-Meter.p_sum3__rollstd10,0.0
Load-B-AC-Meter.s_sum3,0.0
Load-B-AC-Meter.realtime,0.0
Load-B-AC-Meter.qln1,0.0
Load-B-AC-Meter.pln3,0.0
Load-B-AC-Meter.pln2,0.0
Load-B-AC-Meter.pln1,0.0
Load-B-AC-Meter.phase_seq,0.0
Load-A-AC-Meter.sln1,0.0
